Workbook

Sheet Planilha1
A1: SESI HOTEL
A2: País | B2: Hospede | D2: Email | E2: Data de Entrada | F2: Data de Saída | G2: Acomodação | H2: Valor da Diaria | I2: Qtde. Diárias | J2: Gastos Extras | K2: Valor Gastos Extras | L2: Total a Pagar
A3: #VALUE! | B3: Neymar | C3: Jr | D3: =_xlfn.CONCAT(B3&"."&C3&"@sesihotel.com") -> Neymar.Jr@sesihotel.com | E3: 46184 | F3: 46222 | G3: Cobertura | H3: =VLOOKUP(G3,Configurações!$A$3:$B$7,2,FALSE) -> 500 | I3: =F3-E3 -> 38 | J3: Frigobar | K3: =VLOOKUP(J3,Configurações!$D$3:$E$6,2,FALSE) -> 100 | L3: =H3*I3+K3*I3 -> 22800 | M3: {=_FV(A3,"Imagem")} -> #VALUE!
A4: #VALUE! | B4: Lionel | C4: Messi | D4: =_xlfn.CONCAT(B4&"."&C4&"@sesihotel.com") -> Lionel.Messi@sesihotel.com | E4: 46184 | F4: 46204 | G4: Simples | H4: =VLOOKUP(G4,Configurações!$A$3:$B$7,2,FALSE) -> 120 | I4: =F4-E4 -> 20 | J4: Cassino | K4: =VLOOKUP(J4,Configurações!$D$3:$E$6,2,FALSE) -> 150 | L4: =H4*I4+K4*I4 -> 5400 | M4: {=_FV(A4,"Imagem")} -> #VALUE!
A5: #VALUE! | B5: Cristiano | C5: Ronaldo | D5: =_xlfn.CONCAT(B5&"."&C5&"@sesihotel.com") -> Cristiano.Ronaldo@sesihotel.com | E5: 46184 | F5: 46222 | G5: Presidencial | H5: =VLOOKUP(G5,Configurações!$A$3:$B$7,2,FALSE) -> 350 | I5: =F5-E5 -> 38 | J5: N | K5: =VLOOKUP(J5,Configurações!$D$3:$E$6,2,FALSE) -> 0 | L5: =H5*I5+K5*I5 -> 13300 | M5: {=_FV(A5,"Imagem")} -> #VALUE!
A6: #VALUE! | B6: Alexander | C6: Diku | D6: =_xlfn.CONCAT(B6&"."&C6&"@sesihotel.com") -> Alexander.Diku@sesihotel.com | E6: 46184 | F6: 46201 | G6: Sauna | H6: =VLOOKUP(G6,Configurações!$A$3:$B$7,2,FALSE) -> 200 | I6: =F6-E6 -> 17 | J6: Jantar | K6: =VLOOKUP(J6,Configurações!$D$3:$E$6,2,FALSE) -> 85 | L6: =H6*I6+K6*I6 -> 4845 | M6: {=_FV(A6,"Imagem")} -> #VALUE!
A7: #VALUE! | B7: Killyam | C7: Mbappe | D7: =_xlfn.CONCAT(B7&"."&C7&"@sesihotel.com") -> Killyam.Mbappe@sesihotel.com | E7: 46184 | F7: 46211 | G7: Simples | H7: =VLOOKUP(G7,Configurações!$A$3:$B$7,2,FALSE) -> 120 | I7: =F7-E7 -> 27 | J7: Cassino | K7: =VLOOKUP(J7,Configurações!$D$3:$E$6,2,FALSE) -> 150 | L7: =H7*I7+K7*I7 -> 7290 | M7: {=_FV(A7,"Imagem")} -> #VALUE!
A8: #VALUE! | B8: Erling | C8: Halland | D8: =_xlfn.CONCAT(B8&"."&C8&"@sesihotel.com") -> Erling.Halland@sesihotel.com | E8: 46184 | F8: 46216 | G8: Master | H8: =VLOOKUP(G8,Configurações!$A$3:$B$7,2,FALSE) -> 250 | I8: =F8-E8 -> 32 | J8: Frigobar | K8: =VLOOKUP(J8,Configurações!$D$3:$E$6,2,FALSE) -> 100 | L8: =H8*I8+K8*I8 -> 11200 | M8: {=_FV(A8,"Imagem")} -> #VALUE!
A9: #VALUE! | B9: Lamine | C9: Yammal | D9: =_xlfn.CONCAT(B9&"."&C9&"@sesihotel.com") -> Lamine.Yammal@sesihotel.com | E9: 46184 | F9: 46198 | G9: Simples | H9: =VLOOKUP(G9,Configurações!$A$3:$B$7,2,FALSE) -> 120 | I9: =F9-E9 -> 14 | J9: N | K9: =VLOOKUP(J9,Configurações!$D$3:$E$6,2,FALSE) -> 0 | L9: =H9*I9+K9*I9 -> 1680 | M9: {=_FV(A9,"Imagem")} -> #VALUE!
A10: #VALUE! | B10: Guilhermo | C10: Ochoa | D10: =_xlfn.CONCAT(B10&"."&C10&"@sesihotel.com") -> Guilhermo.Ochoa@sesihotel.com | E10: 46184 | F10: 46215 | G10: Cobertura | H10: =VLOOKUP(G10,Configurações!$A$3:$B$7,2,FALSE) -> 500 | I10: =F10-E10 -> 31 | J10: Frigobar | K10: =VLOOKUP(J10,Configurações!$D$3:$E$6,2,FALSE) -> 100 | L10: =H10*I10+K10*I10 -> 18600 | M10: {=_FV(A10,"Imagem")} -> #VALUE!
A11: #VALUE! | B11: Jude | C11: Bellingham | D11: =_xlfn.CONCAT(B11&"."&C11&"@sesihotel.com") -> Jude.Bellingham@sesihotel.com | E11: 46184 | F11: 46208 | G11: Master | H11: =VLOOKUP(G11,Configurações!$A$3:$B$7,2,FALSE) -> 250 | I11: =F11-E11 -> 24 | J11: Jantar | K11: =VLOOKUP(J11,Configurações!$D$3:$E$6,2,FALSE) -> 85 | L11: =H11*I11+K11*I11 -> 8040 | M11: {=_FV(A11,"Imagem")} -> #VALUE!

Sheet Configurações
A1: Acomodações/Diárias | D1: Gastos Extras
A2: Tipo | B2: Valor | D2: Tipo | E2: Valor
A3: Simples | B3: 120 | D3: Frigobar | E3: 100
A4: Sauna | B4: 200 | D4: Cassino | E4: 150
A5: Master | B5: 250 | D5: Jantar | E5: 85
A6: Presidencial | B6: 350 | D6: N | E6: 0
A7: Cobertura | B7: 500
